codigo;nombre;estado;Convenio Dental;Dental;Kingdom Kids;Kingdom;Kinder Home;kinderhome.webp;Natsumi Sushi;natsumi.webp;Orientexpress;Orienteexpress;SportLife;sportlife.webp;El Mundo de Neverland;neverland.webp;Spring Jump;spring.webp;Altamentis consultoria;altamentis.webp;Lubricentro Moreira;moreira.webp;Magicamente Centro Integral;magicamente.pdf
CGPA-2026-001;CGPA-2026-001;Activo;Activo;dental.pdf;Activo;kingdomkids.pdf;Activo;kinderhome.webp;Activo;natsumi.webp;Activo;orienteexpress.webp;Activo;sportlife.webp;Activo;neverland.webp;Activo;spring.webp;Activo;altamentis.webp;Activo;moreira.webp;Activo;magicamente.pdf
CGPA-2026-002;CGPA-2026-002;Activo;Activo;dental.pdf;Activo;kingdomkids.pdf;Activo;kinderhome.webp;Activo;natsumi.webp;Activo;orienteexpress.webp;Activo;sportlife.webp;Activo;neverland.webp;Activo;spring.webp;Activo;altamentis.webp;Activo;moreira.webp;Activo;magicamente.pdf
CGPA-2026-003;CGPA-2026-003;Activo;Activo;dental.pdf;Activo;kingdomkids.pdf;Activo;kinderhome.webp;Activo;natsumi.webp;Activo;orienteexpress.webp;Activo;sportlife.webp;Activo;neverland.webp;Activo;spring.webp;Activo;altamentis.webp;Activo;moreira.webp;Activo;magicamente.pdf
CGPA-2026-004;CGPA-2026-004;Activo;Activo;dental.pdf;Activo;kingdomkids.pdf;Activo;kinderhome.webp;Activo;natsumi.webp;Activo;orienteexpress.webp;Activo;sportlife.webp;Activo;neverland.webp;Activo;spring.webp;Activo;altamentis.webp;Activo;moreira.webp;Activo;magicamente.pdf
CGPA-2026-005;CGPA-2026-005;Activo;Activo;dental.pdf;Activo;kingdomkids.pdf;Activo;kinderhome.webp;Activo;natsumi.webp;Activo;orienteexpress.webp;Activo;sportlife.webp;Activo;neverland.webp;Activo;spring.webp;Activo;altamentis.webp;Activo;moreira.webp;Activo;magicamente.pdf
CGPA-2026-006;CGPA-2026-006;Activo;Activo;dental.pdf;Activo;kingdomkids.pdf;Activo;kinderhome.webp;Activo;natsumi.webp;Activo;orienteexpress.webp;Activo;sportlife.webp;Activo;neverland.webp;Activo;spring.webp;Activo;altamentis.webp;Activo;moreira.webp;Activo;magicamente.pdf
CGPA-2026-007;CGPA-2026-007;Activo;Activo;dental.pdf;Activo;kingdomkids.pdf;Activo;kinderhome.webp;Activo;natsumi.webp;Activo;orienteexpress.webp;Activo;sportlife.webp;Activo;neverland.webp;Activo;spring.webp;Activo;altamentis.webp;Activo;moreira.webp;Activo;magicamente.pdf
CGPA-2026-008;CGPA-2026-008;Activo;Activo;dental.pdf;Activo;kingdomkids.pdf;Activo;kinderhome.webp;Activo;natsumi.webp;Activo;orienteexpress.webp;Activo;sportlife.webp;Activo;neverland.webp;Activo;spring.webp;Activo;altamentis.webp;Activo;moreira.webp;Activo;magicamente.pdf
CGPA-2026-009;CGPA-2026-009;Activo;Activo;dental.pdf;Activo;kingdomkids.pdf;Activo;kinderhome.webp;Activo;natsumi.webp;Activo;orienteexpress.webp;Activo;sportlife.webp;Activo;neverland.webp;Activo;spring.webp;Activo;altamentis.webp;Activo;moreira.webp;Activo;magicamente.pdf
CGPA-2026-010;CGPA-2026-010;Activo;Activo;dental.pdf;Activo;kingdomkids.pdf;Activo;kinderhome.webp;Activo;natsumi.webp;Activo;orienteexpress.webp;Activo;sportlife.webp;Activo;neverland.webp;Activo;spring.webp;Activo;altamentis.webp;Activo;moreira.webp;Activo;magicamente.pdf
CGPA-2026-011;CGPA-2026-011;Activo;Activo;dental.pdf;Activo;kingdomkids.pdf;Activo;kinderhome.webp;Activo;natsumi.webp;Activo;orienteexpress.webp;Activo;sportlife.webp;Activo;neverland.webp;Activo;spring.webp;Activo;altamentis.webp;Activo;moreira.webp;Activo;magicamente.pdf
CGPA-2026-012;CGPA-2026-012;Activo;Activo;dental.pdf;Activo;kingdomkids.pdf;Activo;kinderhome.webp;Activo;natsumi.webp;Activo;orienteexpress.webp;Activo;sportlife.webp;Activo;neverland.webp;Activo;spring.webp;Activo;altamentis.webp;Activo;moreira.webp;Activo;magicamente.pdf
CGPA-2026-013;CGPA-2026-013;Activo;Activo;dental.pdf;Activo;kingdomkids.pdf;Activo;kinderhome.webp;Activo;natsumi.webp;Activo;orienteexpress.webp;Activo;sportlife.webp;Activo;neverland.webp;Activo;spring.webp;Activo;altamentis.webp;Activo;moreira.webp;Activo;magicamente.pdf
CGPA-2026-014;CGPA-2026-014;Activo;Activo;dental.pdf;Activo;kingdomkids.pdf;Activo;kinderhome.webp;Activo;natsumi.webp;Activo;orienteexpress.webp;Activo;sportlife.webp;Activo;neverland.webp;Activo;spring.webp;Activo;altamentis.webp;Activo;moreira.webp;Activo;magicamente.pdf
CGPA-2026-015;CGPA-2026-015;Activo;Activo;dental.pdf;Activo;kingdomkids.pdf;Activo;kinderhome.webp;Activo;natsumi.webp;Activo;orienteexpress.webp;Activo;sportlife.webp;Activo;neverland.webp;Activo;spring.webp;Activo;altamentis.webp;Activo;moreira.webp;Activo;magicamente.pdf
CGPA-2026-016;CGPA-2026-016;Activo;Activo;dental.pdf;Activo;kingdomkids.pdf;Activo;kinderhome.webp;Activo;natsumi.webp;Activo;orienteexpress.webp;Activo;sportlife.webp;Activo;neverland.webp;Activo;spring.webp;Activo;altamentis.webp;Activo;moreira.webp;Activo;magicamente.pdf
CGPA-2026-017;CGPA-2026-017;Activo;Activo;dental.pdf;Activo;kingdomkids.pdf;Activo;kinderhome.webp;Activo;natsumi.webp;Activo;orienteexpress.webp;Activo;sportlife.webp;Activo;neverland.webp;Activo;spring.webp;Activo;altamentis.webp;Activo;moreira.webp;Activo;magicamente.pdf
CGPA-2026-018;CGPA-2026-018;Activo;Activo;dental.pdf;Activo;kingdomkids.pdf;Activo;kinderhome.webp;Activo;natsumi.webp;Activo;orienteexpress.webp;Activo;sportlife.webp;Activo;neverland.webp;Activo;spring.webp;Activo;altamentis.webp;Activo;moreira.webp;Activo;magicamente.pdf
CGPA-2026-019;CGPA-2026-019;Activo;Activo;dental.pdf;Activo;kingdomkids.pdf;Activo;kinderhome.webp;Activo;natsumi.webp;Activo;orienteexpress.webp;Activo;sportlife.webp;Activo;neverland.webp;Activo;spring.webp;Activo;altamentis.webp;Activo;moreira.webp;Activo;magicamente.pdf
CGPA-2026-020;CGPA-2026-020;Activo;Activo;dental.pdf;Activo;kingdomkids.pdf;Activo;kinderhome.webp;Activo;natsumi.webp;Activo;orienteexpress.webp;Activo;sportlife.webp;Activo;neverland.webp;Activo;spring.webp;Activo;altamentis.webp;Activo;moreira.webp;Activo;magicamente.pdf
CGPA-2026-021;CGPA-2026-021;Activo;Activo;dental.pdf;Activo;kingdomkids.pdf;Activo;kinderhome.webp;Activo;natsumi.webp;Activo;orienteexpress.webp;Activo;sportlife.webp;Activo;neverland.webp;Activo;spring.webp;Activo;altamentis.webp;Activo;moreira.webp;Activo;magicamente.pdf
CGPA-2026-022;CGPA-2026-022;Activo;Activo;dental.pdf;Activo;kingdomkids.pdf;Activo;kinderhome.webp;Activo;natsumi.webp;Activo;orienteexpress.webp;Activo;sportlife.webp;Activo;neverland.webp;Activo;spring.webp;Activo;altamentis.webp;Activo;moreira.webp;Activo;magicamente.pdf
CGPA-2026-023;CGPA-2026-023;Activo;Activo;dental.pdf;Activo;kingdomkids.pdf;Activo;kinderhome.webp;Activo;natsumi.webp;Activo;orienteexpress.webp;Activo;sportlife.webp;Activo;neverland.webp;Activo;spring.webp;Activo;altamentis.webp;Activo;moreira.webp;Activo;magicamente.pdf
CGPA-2026-024;CGPA-2026-024;Activo;Activo;dental.pdf;Activo;kingdomkids.pdf;Activo;kinderhome.webp;Activo;natsumi.webp;Activo;orienteexpress.webp;Activo;sportlife.webp;Activo;neverland.webp;Activo;spring.webp;Activo;altamentis.webp;Activo;moreira.webp;Activo;magicamente.pdf
CGPA-2026-025;CGPA-2026-025;Activo;Activo;dental.pdf;Activo;kingdomkids.pdf;Activo;kinderhome.webp;Activo;natsumi.webp;Activo;orienteexpress.webp;Activo;sportlife.webp;Activo;neverland.webp;Activo;spring.webp;Activo;altamentis.webp;Activo;moreira.webp;Activo;magicamente.pdf
CGPA-2026-026;CGPA-2026-026;Activo;Activo;dental.pdf;Activo;kingdomkids.pdf;Activo;kinderhome.webp;Activo;natsumi.webp;Activo;orienteexpress.webp;Activo;sportlife.webp;Activo;neverland.webp;Activo;spring.webp;Activo;altamentis.webp;Activo;moreira.webp;Activo;magicamente.pdf
CGPA-2026-027;CGPA-2026-027;Activo;Activo;dental.pdf;Activo;kingdomkids.pdf;Activo;kinderhome.webp;Activo;natsumi.webp;Activo;orienteexpress.webp;Activo;sportlife.webp;Activo;neverland.webp;Activo;spring.webp;Activo;altamentis.webp;Activo;moreira.webp;Activo;magicamente.pdf
CGPA-2026-028;CGPA-2026-028;Activo;Activo;dental.pdf;Activo;kingdomkids.pdf;Activo;kinderhome.webp;Activo;natsumi.webp;Activo;orienteexpress.webp;Activo;sportlife.webp;Activo;neverland.webp;Activo;spring.webp;Activo;altamentis.webp;Activo;moreira.webp;Activo;magicamente.pdf
CGPA-2026-029;CGPA-2026-029;Activo;Activo;dental.pdf;Activo;kingdomkids.pdf;Activo;kinderhome.webp;Activo;natsumi.webp;Activo;orienteexpress.webp;Activo;sportlife.webp;Activo;neverland.webp;Activo;spring.webp;Activo;altamentis.webp;Activo;moreira.webp;Activo;magicamente.pdf
CGPA-2026-030;CGPA-2026-030;Activo;Activo;dental.pdf;Activo;kingdomkids.pdf;Activo;kinderhome.webp;Activo;natsumi.webp;Activo;orienteexpress.webp;Activo;sportlife.webp;Activo;neverland.webp;Activo;spring.webp;Activo;altamentis.webp;Activo;moreira.webp;Activo;magicamente.pdf
CGPA-2026-031;CGPA-2026-031;Activo;Activo;dental.pdf;Activo;kingdomkids.pdf;Activo;kinderhome.webp;Activo;natsumi.webp;Activo;orienteexpress.webp;Activo;sportlife.webp;Activo;neverland.webp;Activo;spring.webp;Activo;altamentis.webp;Activo;moreira.webp;Activo;magicamente.pdf
CGPA-2026-032;CGPA-2026-032;Activo;Activo;dental.pdf;Activo;kingdomkids.pdf;Activo;kinderhome.webp;Activo;natsumi.webp;Activo;orienteexpress.webp;Activo;sportlife.webp;Activo;neverland.webp;Activo;spring.webp;Activo;altamentis.webp;Activo;moreira.webp;Activo;magicamente.pdf
CGPA-2026-033;CGPA-2026-033;Activo;Activo;dental.pdf;Activo;kingdomkids.pdf;Activo;kinderhome.webp;Activo;natsumi.webp;Activo;orienteexpress.webp;Activo;sportlife.webp;Activo;neverland.webp;Activo;spring.webp;Activo;altamentis.webp;Activo;moreira.webp;Activo;magicamente.pdf
CGPA-2026-034;CGPA-2026-034;Activo;Activo;dental.pdf;Activo;kingdomkids.pdf;Activo;kinderhome.webp;Activo;natsumi.webp;Activo;orienteexpress.webp;Activo;sportlife.webp;Activo;neverland.webp;Activo;spring.webp;Activo;altamentis.webp;Activo;moreira.webp;Activo;magicamente.pdf
CGPA-2026-035;CGPA-2026-035;Activo;Activo;dental.pdf;Activo;kingdomkids.pdf;Activo;kinderhome.webp;Activo;natsumi.webp;Activo;orienteexpress.webp;Activo;sportlife.webp;Activo;neverland.webp;Activo;spring.webp;Activo;altamentis.webp;Activo;moreira.webp;Activo;magicamente.pdf
CGPA-2026-036;CGPA-2026-036;Activo;Activo;dental.pdf;Activo;kingdomkids.pdf;Activo;kinderhome.webp;Activo;natsumi.webp;Activo;orienteexpress.webp;Activo;sportlife.webp;Activo;neverland.webp;Activo;spring.webp;Activo;altamentis.webp;Activo;moreira.webp;Activo;magicamente.pdf
CGPA-2026-037;CGPA-2026-037;Activo;Activo;dental.pdf;Activo;kingdomkids.pdf;Activo;kinderhome.webp;Activo;natsumi.webp;Activo;orienteexpress.webp;Activo;sportlife.webp;Activo;neverland.webp;Activo;spring.webp;Activo;altamentis.webp;Activo;moreira.webp;Activo;magicamente.pdf
CGPA-2026-038;CGPA-2026-038;Activo;Activo;dental.pdf;Activo;kingdomkids.pdf;Activo;kinderhome.webp;Activo;natsumi.webp;Activo;orienteexpress.webp;Activo;sportlife.webp;Activo;neverland.webp;Activo;spring.webp;Activo;altamentis.webp;Activo;moreira.webp;Activo;magicamente.pdf
CGPA-2026-039;CGPA-2026-039;Activo;Activo;dental.pdf;Activo;kingdomkids.pdf;Activo;kinderhome.webp;Activo;natsumi.webp;Activo;orienteexpress.webp;Activo;sportlife.webp;Activo;neverland.webp;Activo;spring.webp;Activo;altamentis.webp;Activo;moreira.webp;Activo;magicamente.pdf
CGPA-2026-040;CGPA-2026-040;Activo;Activo;dental.pdf;Activo;kingdomkids.pdf;Activo;kinderhome.webp;Activo;natsumi.webp;Activo;orienteexpress.webp;Activo;sportlife.webp;Activo;neverland.webp;Activo;spring.webp;Activo;altamentis.webp;Activo;moreira.webp;Activo;magicamente.pdf
CGPA-2026-041;CGPA-2026-041;Activo;Activo;dental.pdf;Activo;kingdomkids.pdf;Activo;kinderhome.webp;Activo;natsumi.webp;Activo;orienteexpress.webp;Activo;sportlife.webp;Activo;neverland.webp;Activo;spring.webp;Activo;altamentis.webp;Activo;moreira.webp;Activo;magicamente.pdf
CGPA-2026-042;CGPA-2026-042;Activo;Activo;dental.pdf;Activo;kingdomkids.pdf;Activo;kinderhome.webp;Activo;natsumi.webp;Activo;orienteexpress.webp;Activo;sportlife.webp;Activo;neverland.webp;Activo;spring.webp;Activo;altamentis.webp;Activo;moreira.webp;Activo;magicamente.pdf
CGPA-2026-043;CGPA-2026-043;Activo;Activo;dental.pdf;Activo;kingdomkids.pdf;Activo;kinderhome.webp;Activo;natsumi.webp;Activo;orienteexpress.webp;Activo;sportlife.webp;Activo;neverland.webp;Activo;spring.webp;Activo;altamentis.webp;Activo;moreira.webp;Activo;magicamente.pdf
CGPA-2026-044;CGPA-2026-044;Activo;Activo;dental.pdf;Activo;kingdomkids.pdf;Activo;kinderhome.webp;Activo;natsumi.webp;Activo;orienteexpress.webp;Activo;sportlife.webp;Activo;neverland.webp;Activo;spring.webp;Activo;altamentis.webp;Activo;moreira.webp;Activo;magicamente.pdf
CGPA-2026-045;CGPA-2026-045;Activo;Activo;dental.pdf;Activo;kingdomkids.pdf;Activo;kinderhome.webp;Activo;natsumi.webp;Activo;orienteexpress.webp;Activo;sportlife.webp;Activo;neverland.webp;Activo;spring.webp;Activo;altamentis.webp;Activo;moreira.webp;Activo;magicamente.pdf
CGPA-2026-046;CGPA-2026-046;Activo;Activo;dental.pdf;Activo;kingdomkids.pdf;Activo;kinderhome.webp;Activo;natsumi.webp;Activo;orienteexpress.webp;Activo;sportlife.webp;Activo;neverland.webp;Activo;spring.webp;Activo;altamentis.webp;Activo;moreira.webp;Activo;magicamente.pdf
CGPA-2026-047;CGPA-2026-047;Activo;Activo;dental.pdf;Activo;kingdomkids.pdf;Activo;kinderhome.webp;Activo;natsumi.webp;Activo;orienteexpress.webp;Activo;sportlife.webp;Activo;neverland.webp;Activo;spring.webp;Activo;altamentis.webp;Activo;moreira.webp;Activo;magicamente.pdf
CGPA-2026-048;CGPA-2026-048;Activo;Activo;dental.pdf;Activo;kingdomkids.pdf;Activo;kinderhome.webp;Activo;natsumi.webp;Activo;orienteexpress.webp;Activo;sportlife.webp;Activo;neverland.webp;Activo;spring.webp;Activo;altamentis.webp;Activo;moreira.webp;Activo;magicamente.pdf
CGPA-2026-049;CGPA-2026-049;Activo;Activo;dental.pdf;Activo;kingdomkids.pdf;Activo;kinderhome.webp;Activo;natsumi.webp;Activo;orienteexpress.webp;Activo;sportlife.webp;Activo;neverland.webp;Activo;spring.webp;Activo;altamentis.webp;Activo;moreira.webp;Activo;magicamente.pdf
CGPA-2026-050;CGPA-2026-050;Activo;Activo;dental.pdf;Activo;kingdomkids.pdf;Activo;kinderhome.webp;Activo;natsumi.webp;Activo;orienteexpress.webp;Activo;sportlife.webp;Activo;neverland.webp;Activo;spring.webp;Activo;altamentis.webp;Activo;moreira.webp;Activo;magicamente.pdf
CGPA-2026-051;CGPA-2026-051;Activo;Activo;dental.pdf;Activo;kingdomkids.pdf;Activo;kinderhome.webp;Activo;natsumi.webp;Activo;orienteexpress.webp;Activo;sportlife.webp;Activo;neverland.webp;Activo;spring.webp;Activo;altamentis.webp;Activo;moreira.webp;Activo;magicamente.pdf
CGPA-2026-052;CGPA-2026-052;Activo;Activo;dental.pdf;Activo;kingdomkids.pdf;Activo;kinderhome.webp;Activo;natsumi.webp;Activo;orienteexpress.webp;Activo;sportlife.webp;Activo;neverland.webp;Activo;spring.webp;Activo;altamentis.webp;Activo;moreira.webp;Activo;magicamente.pdf
CGPA-2026-053;CGPA-2026-053;Activo;Activo;dental.pdf;Activo;kingdomkids.pdf;Activo;kinderhome.webp;Activo;natsumi.webp;Activo;orienteexpress.webp;Activo;sportlife.webp;Activo;neverland.webp;Activo;spring.webp;Activo;altamentis.webp;Activo;moreira.webp;Activo;magicamente.pdf
CGPA-2026-054;CGPA-2026-054;Activo;Activo;dental.pdf;Activo;kingdomkids.pdf;Activo;kinderhome.webp;Activo;natsumi.webp;Activo;orienteexpress.webp;Activo;sportlife.webp;Activo;neverland.webp;Activo;spring.webp;Activo;altamentis.webp;Activo;moreira.webp;Activo;magicamente.pdf
CGPA-2026-055;CGPA-2026-055;Activo;Activo;dental.pdf;Activo;kingdomkids.pdf;Activo;kinderhome.webp;Activo;natsumi.webp;Activo;orienteexpress.webp;Activo;sportlife.webp;Activo;neverland.webp;Activo;spring.webp;Activo;altamentis.webp;Activo;moreira.webp;Activo;magicamente.pdf
CGPA-2026-056;CGPA-2026-056;Activo;Activo;dental.pdf;Activo;kingdomkids.pdf;Activo;kinderhome.webp;Activo;natsumi.webp;Activo;orienteexpress.webp;Activo;sportlife.webp;Activo;neverland.webp;Activo;spring.webp;Activo;altamentis.webp;Activo;moreira.webp;Activo;magicamente.pdf
CGPA-2026-057;CGPA-2026-057;Activo;Activo;dental.pdf;Activo;kingdomkids.pdf;Activo;kinderhome.webp;Activo;natsumi.webp;Activo;orienteexpress.webp;Activo;sportlife.webp;Activo;neverland.webp;Activo;spring.webp;Activo;altamentis.webp;Activo;moreira.webp;Activo;magicamente.pdf
CGPA-2026-058;CGPA-2026-058;Activo;Activo;dental.pdf;Activo;kingdomkids.pdf;Activo;kinderhome.webp;Activo;natsumi.webp;Activo;orienteexpress.webp;Activo;sportlife.webp;Activo;neverland.webp;Activo;spring.webp;Activo;altamentis.webp;Activo;moreira.webp;Activo;magicamente.pdf
CGPA-2026-059;CGPA-2026-059;Activo;Activo;dental.pdf;Activo;kingdomkids.pdf;Activo;kinderhome.webp;Activo;natsumi.webp;Activo;orienteexpress.webp;Activo;sportlife.webp;Activo;neverland.webp;Activo;spring.webp;Activo;altamentis.webp;Activo;moreira.webp;Activo;magicamente.pdf
CGPA-2026-060;CGPA-2026-060;Activo;Activo;dental.pdf;Activo;kingdomkids.pdf;Activo;kinderhome.webp;Activo;natsumi.webp;Activo;orienteexpress.webp;Activo;sportlife.webp;Activo;neverland.webp;Activo;spring.webp;Activo;altamentis.webp;Activo;moreira.webp;Activo;magicamente.pdf
CGPA-2026-061;CGPA-2026-061;Activo;Activo;dental.pdf;Activo;kingdomkids.pdf;Activo;kinderhome.webp;Activo;natsumi.webp;Activo;orienteexpress.webp;Activo;sportlife.webp;Activo;neverland.webp;Activo;spring.webp;Activo;altamentis.webp;Activo;moreira.webp;Activo;magicamente.pdf
CGPA-2026-062;CGPA-2026-062;Activo;Activo;dental.pdf;Activo;kingdomkids.pdf;Activo;kinderhome.webp;Activo;natsumi.webp;Activo;orienteexpress.webp;Activo;sportlife.webp;Activo;neverland.webp;Activo;spring.webp;Activo;altamentis.webp;Activo;moreira.webp;Activo;magicamente.pdf
CGPA-2026-063;CGPA-2026-063;Activo;Activo;dental.pdf;Activo;kingdomkids.pdf;Activo;kinderhome.webp;Activo;natsumi.webp;Activo;orienteexpress.webp;Activo;sportlife.webp;Activo;neverland.webp;Activo;spring.webp;Activo;altamentis.webp;Activo;moreira.webp;Activo;magicamente.pdf
CGPA-2026-064;CGPA-2026-064;Activo;Activo;dental.pdf;Activo;kingdomkids.pdf;Activo;kinderhome.webp;Activo;natsumi.webp;Activo;orienteexpress.webp;Activo;sportlife.webp;Activo;neverland.webp;Activo;spring.webp;Activo;altamentis.webp;Activo;moreira.webp;Activo;magicamente.pdf
CGPA-2026-065;CGPA-2026-065;Activo;Activo;dental.pdf;Activo;kingdomkids.pdf;Activo;kinderhome.webp;Activo;natsumi.webp;Activo;orienteexpress.webp;Activo;sportlife.webp;Activo;neverland.webp;Activo;spring.webp;Activo;altamentis.webp;Activo;moreira.webp;Activo;magicamente.pdf
CGPA-2026-066;CGPA-2026-066;Activo;Activo;dental.pdf;Activo;kingdomkids.pdf;Activo;kinderhome.webp;Activo;natsumi.webp;Activo;orienteexpress.webp;Activo;sportlife.webp;Activo;neverland.webp;Activo;spring.webp;Activo;altamentis.webp;Activo;moreira.webp;Activo;magicamente.pdf
CGPA-2026-067;CGPA-2026-067;Activo;Activo;dental.pdf;Activo;kingdomkids.pdf;Activo;kinderhome.webp;Activo;natsumi.webp;Activo;orienteexpress.webp;Activo;sportlife.webp;Activo;neverland.webp;Activo;spring.webp;Activo;altamentis.webp;Activo;moreira.webp;Activo;magicamente.pdf
CGPA-2026-068;CGPA-2026-068;Activo;Activo;dental.pdf;Activo;kingdomkids.pdf;Activo;kinderhome.webp;Activo;natsumi.webp;Activo;orienteexpress.webp;Activo;sportlife.webp;Activo;neverland.webp;Activo;spring.webp;Activo;altamentis.webp;Activo;moreira.webp;Activo;magicamente.pdf
CGPA-2026-069;CGPA-2026-069;Activo;Activo;dental.pdf;Activo;kingdomkids.pdf;Activo;kinderhome.webp;Activo;natsumi.webp;Activo;orienteexpress.webp;Activo;sportlife.webp;Activo;neverland.webp;Activo;spring.webp;Activo;altamentis.webp;Activo;moreira.webp;Activo;magicamente.pdf
CGPA-2026-070;CGPA-2026-070;Activo;Activo;dental.pdf;Activo;kingdomkids.pdf;Activo;kinderhome.webp;Activo;natsumi.webp;Activo;orienteexpress.webp;Activo;sportlife.webp;Activo;neverland.webp;Activo;spring.webp;Activo;altamentis.webp;Activo;moreira.webp;Activo;magicamente.pdf
CGPA-2026-071;CGPA-2026-071;Activo;Activo;dental.pdf;Activo;kingdomkids.pdf;Activo;kinderhome.webp;Activo;natsumi.webp;Activo;orienteexpress.webp;Activo;sportlife.webp;Activo;neverland.webp;Activo;spring.webp;Activo;altamentis.webp;Activo;moreira.webp;Activo;magicamente.pdf
CGPA-2026-072;CGPA-2026-072;Activo;Activo;dental.pdf;Activo;kingdomkids.pdf;Activo;kinderhome.webp;Activo;natsumi.webp;Activo;orienteexpress.webp;Activo;sportlife.webp;Activo;neverland.webp;Activo;spring.webp;Activo;altamentis.webp;Activo;moreira.webp;Activo;magicamente.pdf
CGPA-2026-073;CGPA-2026-073;Activo;Activo;dental.pdf;Activo;kingdomkids.pdf;Activo;kinderhome.webp;Activo;natsumi.webp;Activo;orienteexpress.webp;Activo;sportlife.webp;Activo;neverland.webp;Activo;spring.webp;Activo;altamentis.webp;Activo;moreira.webp;Activo;magicamente.pdf
CGPA-2026-074;CGPA-2026-074;Activo;Activo;dental.pdf;Activo;kingdomkids.pdf;Activo;kinderhome.webp;Activo;natsumi.webp;Activo;orienteexpress.webp;Activo;sportlife.webp;Activo;neverland.webp;Activo;spring.webp;Activo;altamentis.webp;Activo;moreira.webp;Activo;magicamente.pdf
CGPA-2026-075;CGPA-2026-075;Activo;Activo;dental.pdf;Activo;kingdomkids.pdf;Activo;kinderhome.webp;Activo;natsumi.webp;Activo;orienteexpress.webp;Activo;sportlife.webp;Activo;neverland.webp;Activo;spring.webp;Activo;altamentis.webp;Activo;moreira.webp;Activo;magicamente.pdf
CGPA-2026-076;CGPA-2026-076;Activo;Activo;dental.pdf;Activo;kingdomkids.pdf;Activo;kinderhome.webp;Activo;natsumi.webp;Activo;orienteexpress.webp;Activo;sportlife.webp;Activo;neverland.webp;Activo;spring.webp;Activo;altamentis.webp;Activo;moreira.webp;Activo;magicamente.pdf
CGPA-2026-077;CGPA-2026-077;Activo;Activo;dental.pdf;Activo;kingdomkids.pdf;Activo;kinderhome.webp;Activo;natsumi.webp;Activo;orienteexpress.webp;Activo;sportlife.webp;Activo;neverland.webp;Activo;spring.webp;Activo;altamentis.webp;Activo;moreira.webp;Activo;magicamente.pdf
CGPA-2026-078;CGPA-2026-078;Activo;Activo;dental.pdf;Activo;kingdomkids.pdf;Activo;kinderhome.webp;Activo;natsumi.webp;Activo;orienteexpress.webp;Activo;sportlife.webp;Activo;neverland.webp;Activo;spring.webp;Activo;altamentis.webp;Activo;moreira.webp;Activo;magicamente.pdf
CGPA-2026-079;CGPA-2026-079;Activo;Activo;dental.pdf;Activo;kingdomkids.pdf;Activo;kinderhome.webp;Activo;natsumi.webp;Activo;orienteexpress.webp;Activo;sportlife.webp;Activo;neverland.webp;Activo;spring.webp;Activo;altamentis.webp;Activo;moreira.webp;Activo;magicamente.pdf
CGPA-2026-080;CGPA-2026-080;Activo;Activo;dental.pdf;Activo;kingdomkids.pdf;Activo;kinderhome.webp;Activo;natsumi.webp;Activo;orienteexpress.webp;Activo;sportlife.webp;Activo;neverland.webp;Activo;spring.webp;Activo;altamentis.webp;Activo;moreira.webp;Activo;magicamente.pdf
CGPA-2026-081;CGPA-2026-081;Activo;Activo;dental.pdf;Activo;kingdomkids.pdf;Activo;kinderhome.webp;Activo;natsumi.webp;Activo;orienteexpress.webp;Activo;sportlife.webp;Activo;neverland.webp;Activo;spring.webp;Activo;altamentis.webp;Activo;moreira.webp;Activo;magicamente.pdf
CGPA-2026-082;CGPA-2026-082;Activo;Activo;dental.pdf;Activo;kingdomkids.pdf;Activo;kinderhome.webp;Activo;natsumi.webp;Activo;orienteexpress.webp;Activo;sportlife.webp;Activo;neverland.webp;Activo;spring.webp;Activo;altamentis.webp;Activo;moreira.webp;Activo;magicamente.pdf
CGPA-2026-083;CGPA-2026-083;Activo;Activo;dental.pdf;Activo;kingdomkids.pdf;Activo;kinderhome.webp;Activo;natsumi.webp;Activo;orienteexpress.webp;Activo;sportlife.webp;Activo;neverland.webp;Activo;spring.webp;Activo;altamentis.webp;Activo;moreira.webp;Activo;magicamente.pdf
CGPA-2026-084;CGPA-2026-084;Activo;Activo;dental.pdf;Activo;kingdomkids.pdf;Activo;kinderhome.webp;Activo;natsumi.webp;Activo;orienteexpress.webp;Activo;sportlife.webp;Activo;neverland.webp;Activo;spring.webp;Activo;altamentis.webp;Activo;moreira.webp;Activo;magicamente.pdf
CGPA-2026-085;CGPA-2026-085;Activo;Activo;dental.pdf;Activo;kingdomkids.pdf;Activo;kinderhome.webp;Activo;natsumi.webp;Activo;orienteexpress.webp;Activo;sportlife.webp;Activo;neverland.webp;Activo;spring.webp;Activo;altamentis.webp;Activo;moreira.webp;Activo;magicamente.pdf
CGPA-2026-086;CGPA-2026-086;Activo;Activo;dental.pdf;Activo;kingdomkids.pdf;Activo;kinderhome.webp;Activo;natsumi.webp;Activo;orienteexpress.webp;Activo;sportlife.webp;Activo;neverland.webp;Activo;spring.webp;Activo;altamentis.webp;Activo;moreira.webp;Activo;magicamente.pdf
CGPA-2026-087;CGPA-2026-087;Activo;Activo;dental.pdf;Activo;kingdomkids.pdf;Activo;kinderhome.webp;Activo;natsumi.webp;Activo;orienteexpress.webp;Activo;sportlife.webp;Activo;neverland.webp;Activo;spring.webp;Activo;altamentis.webp;Activo;moreira.webp;Activo;magicamente.pdf
CGPA-2026-088;CGPA-2026-088;Activo;Activo;dental.pdf;Activo;kingdomkids.pdf;Activo;kinderhome.webp;Activo;natsumi.webp;Activo;orienteexpress.webp;Activo;sportlife.webp;Activo;neverland.webp;Activo;spring.webp;Activo;altamentis.webp;Activo;moreira.webp;Activo;magicamente.pdf
CGPA-2026-089;CGPA-2026-089;Activo;Activo;dental.pdf;Activo;kingdomkids.pdf;Activo;kinderhome.webp;Activo;natsumi.webp;Activo;orienteexpress.webp;Activo;sportlife.webp;Activo;neverland.webp;Activo;spring.webp;Activo;altamentis.webp;Activo;moreira.webp;Activo;magicamente.pdf
CGPA-2026-090;CGPA-2026-090;Activo;Activo;dental.pdf;Activo;kingdomkids.pdf;Activo;kinderhome.webp;Activo;natsumi.webp;Activo;orienteexpress.webp;Activo;sportlife.webp;Activo;neverland.webp;Activo;spring.webp;Activo;altamentis.webp;Activo;moreira.webp;Activo;magicamente.pdf
CGPA-2026-091;CGPA-2026-091;Activo;Activo;dental.pdf;Activo;kingdomkids.pdf;Activo;kinderhome.webp;Activo;natsumi.webp;Activo;orienteexpress.webp;Activo;sportlife.webp;Activo;neverland.webp;Activo;spring.webp;Activo;altamentis.webp;Activo;moreira.webp;Activo;magicamente.pdf
CGPA-2026-092;CGPA-2026-092;Activo;Activo;dental.pdf;Activo;kingdomkids.pdf;Activo;kinderhome.webp;Activo;natsumi.webp;Activo;orienteexpress.webp;Activo;sportlife.webp;Activo;neverland.webp;Activo;spring.webp;Activo;altamentis.webp;Activo;moreira.webp;Activo;magicamente.pdf
CGPA-2026-093;CGPA-2026-093;Activo;Activo;dental.pdf;Activo;kingdomkids.pdf;Activo;kinderhome.webp;Activo;natsumi.webp;Activo;orienteexpress.webp;Activo;sportlife.webp;Activo;neverland.webp;Activo;spring.webp;Activo;altamentis.webp;Activo;moreira.webp;Activo;magicamente.pdf
CGPA-2026-094;CGPA-2026-094;Activo;Activo;dental.pdf;Activo;kingdomkids.pdf;Activo;kinderhome.webp;Activo;natsumi.webp;Activo;orienteexpress.webp;Activo;sportlife.webp;Activo;neverland.webp;Activo;spring.webp;Activo;altamentis.webp;Activo;moreira.webp;Activo;magicamente.pdf
CGPA-2026-095;CGPA-2026-095;Activo;Activo;dental.pdf;Activo;kingdomkids.pdf;Activo;kinderhome.webp;Activo;natsumi.webp;Activo;orienteexpress.webp;Activo;sportlife.webp;Activo;neverland.webp;Activo;spring.webp;Activo;altamentis.webp;Activo;moreira.webp;Activo;magicamente.pdf
CGPA-2026-096;CGPA-2026-096;Activo;Activo;dental.pdf;Activo;kingdomkids.pdf;Activo;kinderhome.webp;Activo;natsumi.webp;Activo;orienteexpress.webp;Activo;sportlife.webp;Activo;neverland.webp;Activo;spring.webp;Activo;altamentis.webp;Activo;moreira.webp;Activo;magicamente.pdf
CGPA-2026-097;CGPA-2026-097;Activo;Activo;dental.pdf;Activo;kingdomkids.pdf;Activo;kinderhome.webp;Activo;natsumi.webp;Activo;orienteexpress.webp;Activo;sportlife.webp;Activo;neverland.webp;Activo;spring.webp;Activo;altamentis.webp;Activo;moreira.webp;Activo;magicamente.pdf
CGPA-2026-098;CGPA-2026-098;Activo;Activo;dental.pdf;Activo;kingdomkids.pdf;Activo;kinderhome.webp;Activo;natsumi.webp;Activo;orienteexpress.webp;Activo;sportlife.webp;Activo;neverland.webp;Activo;spring.webp;Activo;altamentis.webp;Activo;moreira.webp;Activo;magicamente.pdf
CGPA-2026-099;CGPA-2026-099;Activo;Activo;dental.pdf;Activo;kingdomkids.pdf;Activo;kinderhome.webp;Activo;natsumi.webp;Activo;orienteexpress.webp;Activo;sportlife.webp;Activo;neverland.webp;Activo;spring.webp;Activo;altamentis.webp;Activo;moreira.webp;Activo;magicamente.pdf
CGPA-2026-100;CGPA-2026-100;BLOQUEADO;BLOQUEADO;BLOQUEADO;BLOQUEADO;BLOQUEADO;BLOQUEADO;BLOQUEADO;BLOQUEADO;BLOQUEADO;BLOQUEADO;BLOQUEADO;BLOQUEADO;BLOQUEADO;BLOQUEADO;BLOQUEADO;BLOQUEADO;BLOQUEADO;BLOQUEADO;BLOQUEADO;BLOQUEADO;BLOQUEADO;BLOQUEADO;BLOQUEADO
CGPA-2026-101;CGPA-2026-101;Activo;Activo;dental.pdf;Activo;kingdomkids.pdf;Activo;kinderhome.webp;Activo;natsumi.webp;Activo;orienteexpress.webp;Activo;sportlife.webp;Activo;neverland.webp;Activo;spring.webp;Activo;altamentis.webp;Activo;moreira.webp;Activo;magicamente.pdf
CGPA-2026-102;CGPA-2026-102;Activo;Activo;dental.pdf;Activo;kingdomkids.pdf;Activo;kinderhome.webp;Activo;natsumi.webp;Activo;orienteexpress.webp;Activo;sportlife.webp;Activo;neverland.webp;Activo;spring.webp;Activo;altamentis.webp;Activo;moreira.webp;Activo;magicamente.pdf
CGPA-2026-103;CGPA-2026-103;Activo;Activo;dental.pdf;Activo;kingdomkids.pdf;Activo;kinderhome.webp;Activo;natsumi.webp;Activo;orienteexpress.webp;Activo;sportlife.webp;Activo;neverland.webp;Activo;spring.webp;Activo;altamentis.webp;Activo;moreira.webp;Activo;magicamente.pdf
CGPA-2026-104;CGPA-2026-104;Activo;Activo;dental.pdf;Activo;kingdomkids.pdf;Activo;kinderhome.webp;Activo;natsumi.webp;Activo;orienteexpress.webp;Activo;sportlife.webp;Activo;neverland.webp;Activo;spring.webp;Activo;altamentis.webp;Activo;moreira.webp;Activo;magicamente.pdf
CGPA-2026-105;CGPA-2026-105;Activo;Activo;dental.pdf;Activo;kingdomkids.pdf;Activo;kinderhome.webp;Activo;natsumi.webp;Activo;orienteexpress.webp;Activo;sportlife.webp;Activo;neverland.webp;Activo;spring.webp;Activo;altamentis.webp;Activo;moreira.webp;Activo;magicamente.pdf
CGPA-2026-106;CGPA-2026-106;Activo;Activo;dental.pdf;Activo;kingdomkids.pdf;Activo;kinderhome.webp;Activo;natsumi.webp;Activo;orienteexpress.webp;Activo;sportlife.webp;Activo;neverland.webp;Activo;spring.webp;Activo;altamentis.webp;Activo;moreira.webp;Activo;magicamente.pdf
CGPA-2026-107;CGPA-2026-107;Activo;Activo;dental.pdf;Activo;kingdomkids.pdf;Activo;kinderhome.webp;Activo;natsumi.webp;Activo;orienteexpress.webp;Activo;sportlife.webp;Activo;neverland.webp;Activo;spring.webp;Activo;altamentis.webp;Activo;moreira.webp;Activo;magicamente.pdf
CGPA-2026-108;CGPA-2026-108;Activo;Activo;dental.pdf;Activo;kingdomkids.pdf;Activo;kinderhome.webp;Activo;natsumi.webp;Activo;orienteexpress.webp;Activo;sportlife.webp;Activo;neverland.webp;Activo;spring.webp;Activo;altamentis.webp;Activo;moreira.webp;Activo;magicamente.pdf
CGPA-2026-109;CGPA-2026-109;Activo;Activo;dental.pdf;Activo;kingdomkids.pdf;Activo;kinderhome.webp;Activo;natsumi.webp;Activo;orienteexpress.webp;Activo;sportlife.webp;Activo;neverland.webp;Activo;spring.webp;Activo;altamentis.webp;Activo;moreira.webp;Activo;magicamente.pdf
CGPA-2026-110;CGPA-2026-110;Activo;Activo;dental.pdf;Activo;kingdomkids.pdf;Activo;kinderhome.webp;Activo;natsumi.webp;Activo;orienteexpress.webp;Activo;sportlife.webp;Activo;neverland.webp;Activo;spring.webp;Activo;altamentis.webp;Activo;moreira.webp;Activo;magicamente.pdf
CGPA-2026-111;CGPA-2026-111;Activo;Activo;dental.pdf;Activo;kingdomkids.pdf;Activo;kinderhome.webp;Activo;natsumi.webp;Activo;orienteexpress.webp;Activo;sportlife.webp;Activo;neverland.webp;Activo;spring.webp;Activo;altamentis.webp;Activo;moreira.webp;Activo;magicamente.pdf
CGPA-2026-112;CGPA-2026-112;Activo;Activo;dental.pdf;Activo;kingdomkids.pdf;Activo;kinderhome.webp;Activo;natsumi.webp;Activo;orienteexpress.webp;Activo;sportlife.webp;Activo;neverland.webp;Activo;spring.webp;Activo;altamentis.webp;Activo;moreira.webp;Activo;magicamente.pdf
CGPA-2026-113;CGPA-2026-113;Activo;Activo;dental.pdf;Activo;kingdomkids.pdf;Activo;kinderhome.webp;Activo;natsumi.webp;Activo;orienteexpress.webp;Activo;sportlife.webp;Activo;neverland.webp;Activo;spring.webp;Activo;altamentis.webp;Activo;moreira.webp;Activo;magicamente.pdf
CGPA-2026-114;CGPA-2026-114;Activo;Activo;dental.pdf;Activo;kingdomkids.pdf;Activo;kinderhome.webp;Activo;natsumi.webp;Activo;orienteexpress.webp;Activo;sportlife.webp;Activo;neverland.webp;Activo;spring.webp;Activo;altamentis.webp;Activo;moreira.webp;Activo;magicamente.pdf
CGPA-2026-115;CGPA-2026-115;Activo;Activo;dental.pdf;Activo;kingdomkids.pdf;Activo;kinderhome.webp;Activo;natsumi.webp;Activo;orienteexpress.webp;Activo;sportlife.webp;Activo;neverland.webp;Activo;spring.webp;Activo;altamentis.webp;Activo;moreira.webp;Activo;magicamente.pdf
CGPA-2026-116;CGPA-2026-116;Activo;Activo;dental.pdf;Activo;kingdomkids.pdf;Activo;kinderhome.webp;Activo;natsumi.webp;Activo;orienteexpress.webp;Activo;sportlife.webp;Activo;neverland.webp;Activo;spring.webp;Activo;altamentis.webp;Activo;moreira.webp;Activo;magicamente.pdf
CGPA-2026-117;CGPA-2026-117;Activo;Activo;dental.pdf;Activo;kingdomkids.pdf;Activo;kinderhome.webp;Activo;natsumi.webp;Activo;orienteexpress.webp;Activo;sportlife.webp;Activo;neverland.webp;Activo;spring.webp;Activo;altamentis.webp;Activo;moreira.webp;Activo;magicamente.pdf
CGPA-2026-118;CGPA-2026-118;Activo;Activo;dental.pdf;Activo;kingdomkids.pdf;Activo;kinderhome.webp;Activo;natsumi.webp;Activo;orienteexpress.webp;Activo;sportlife.webp;Activo;neverland.webp;Activo;spring.webp;Activo;altamentis.webp;Activo;moreira.webp;Activo;magicamente.pdf
CGPA-2026-119;CGPA-2026-119;Activo;Activo;dental.pdf;Activo;kingdomkids.pdf;Activo;kinderhome.webp;Activo;natsumi.webp;Activo;orienteexpress.webp;Activo;sportlife.webp;Activo;neverland.webp;Activo;spring.webp;Activo;altamentis.webp;Activo;moreira.webp;Activo;magicamente.pdf
CGPA-2026-120;CGPA-2026-120;Activo;Activo;dental.pdf;Activo;kingdomkids.pdf;Activo;kinderhome.webp;Activo;natsumi.webp;Activo;orienteexpress.webp;Activo;sportlife.webp;Activo;neverland.webp;Activo;spring.webp;Activo;altamentis.webp;Activo;moreira.webp;Activo;magicamente.pdf
CGPA-2026-121;CGPA-2026-121;Activo;Activo;dental.pdf;Activo;kingdomkids.pdf;Activo;kinderhome.webp;Activo;natsumi.webp;Activo;orienteexpress.webp;Activo;sportlife.webp;Activo;neverland.webp;Activo;spring.webp;Activo;altamentis.webp;Activo;moreira.webp;Activo;magicamente.pdf
CGPA-2026-122;CGPA-2026-122;Activo;Activo;dental.pdf;Activo;kingdomkids.pdf;Activo;kinderhome.webp;Activo;natsumi.webp;Activo;orienteexpress.webp;Activo;sportlife.webp;Activo;neverland.webp;Activo;spring.webp;Activo;altamentis.webp;Activo;moreira.webp;Activo;magicamente.pdf
CGPA-2026-123;CGPA-2026-123;Activo;Activo;dental.pdf;Activo;kingdomkids.pdf;Activo;kinderhome.webp;Activo;natsumi.webp;Activo;orienteexpress.webp;Activo;sportlife.webp;Activo;neverland.webp;Activo;spring.webp;Activo;altamentis.webp;Activo;moreira.webp;Activo;magicamente.pdf
CGPA-2026-124;CGPA-2026-124;Activo;Activo;dental.pdf;Activo;kingdomkids.pdf;Activo;kinderhome.webp;Activo;natsumi.webp;Activo;orienteexpress.webp;Activo;sportlife.webp;Activo;neverland.webp;Activo;spring.webp;Activo;altamentis.webp;Activo;moreira.webp;Activo;magicamente.pdf
CGPA-2026-125;CGPA-2026-125;Activo;Activo;dental.pdf;Activo;kingdomkids.pdf;Activo;kinderhome.webp;Activo;natsumi.webp;Activo;orienteexpress.webp;Activo;sportlife.webp;Activo;neverland.webp;Activo;spring.webp;Activo;altamentis.webp;Activo;moreira.webp;Activo;magicamente.pdf
CGPA-2026-126;CGPA-2026-126;Activo;Activo;dental.pdf;Activo;kingdomkids.pdf;Activo;kinderhome.webp;Activo;natsumi.webp;Activo;orienteexpress.webp;Activo;sportlife.webp;Activo;neverland.webp;Activo;spring.webp;Activo;altamentis.webp;Activo;moreira.webp;Activo;magicamente.pdf
CGPA-2026-127;CGPA-2026-127;Activo;Activo;dental.pdf;Activo;kingdomkids.pdf;Activo;kinderhome.webp;Activo;natsumi.webp;Activo;orienteexpress.webp;Activo;sportlife.webp;Activo;neverland.webp;Activo;spring.webp;Activo;altamentis.webp;Activo;moreira.webp;Activo;magicamente.pdf
CGPA-2026-128;CGPA-2026-128;Activo;Activo;dental.pdf;Activo;kingdomkids.pdf;Activo;kinderhome.webp;Activo;natsumi.webp;Activo;orienteexpress.webp;Activo;sportlife.webp;Activo;neverland.webp;Activo;spring.webp;Activo;altamentis.webp;Activo;moreira.webp;Activo;magicamente.pdf
CGPA-2026-129;CGPA-2026-129;Activo;Activo;dental.pdf;Activo;kingdomkids.pdf;Activo;kinderhome.webp;Activo;natsumi.webp;Activo;orienteexpress.webp;Activo;sportlife.webp;Activo;neverland.webp;Activo;spring.webp;Activo;altamentis.webp;Activo;moreira.webp;Activo;magicamente.pdf
CGPA-2026-130;CGPA-2026-130;Activo;Activo;dental.pdf;Activo;kingdomkids.pdf;Activo;kinderhome.webp;Activo;natsumi.webp;Activo;orienteexpress.webp;Activo;sportlife.webp;Activo;neverland.webp;Activo;spring.webp;Activo;altamentis.webp;Activo;moreira.webp;Activo;magicamente.pdf
CGPA-2026-131;CGPA-2026-131;Activo;Activo;dental.pdf;Activo;kingdomkids.pdf;Activo;kinderhome.webp;Activo;natsumi.webp;Activo;orienteexpress.webp;Activo;sportlife.webp;Activo;neverland.webp;Activo;spring.webp;Activo;altamentis.webp;Activo;moreira.webp;Activo;magicamente.pdf
CGPA-2026-132;CGPA-2026-132;Activo;Activo;dental.pdf;Activo;kingdomkids.pdf;Activo;kinderhome.webp;Activo;natsumi.webp;Activo;orienteexpress.webp;Activo;sportlife.webp;Activo;neverland.webp;Activo;spring.webp;Activo;altamentis.webp;Activo;moreira.webp;Activo;magicamente.pdf
CGPA-2026-133;CGPA-2026-133;Activo;Activo;dental.pdf;Activo;kingdomkids.pdf;Activo;kinderhome.webp;Activo;natsumi.webp;Activo;orienteexpress.webp;Activo;sportlife.webp;Activo;neverland.webp;Activo;spring.webp;Activo;altamentis.webp;Activo;moreira.webp;Activo;magicamente.pdf
CGPA-2026-134;CGPA-2026-134;Activo;Activo;dental.pdf;Activo;kingdomkids.pdf;Activo;kinderhome.webp;Activo;natsumi.webp;Activo;orienteexpress.webp;Activo;sportlife.webp;Activo;neverland.webp;Activo;spring.webp;Activo;altamentis.webp;Activo;moreira.webp;Activo;magicamente.pdf
CGPA-2026-135;CGPA-2026-135;Activo;Activo;dental.pdf;Activo;kingdomkids.pdf;Activo;kinderhome.webp;Activo;natsumi.webp;Activo;orienteexpress.webp;Activo;sportlife.webp;Activo;neverland.webp;Activo;spring.webp;Activo;altamentis.webp;Activo;moreira.webp;Activo;magicamente.pdf
CGPA-2026-136;CGPA-2026-136;Activo;Activo;dental.pdf;Activo;kingdomkids.pdf;Activo;kinderhome.webp;Activo;natsumi.webp;Activo;orienteexpress.webp;Activo;sportlife.webp;Activo;neverland.webp;Activo;spring.webp;Activo;altamentis.webp;Activo;moreira.webp;Activo;magicamente.pdf
CGPA-2026-137;CGPA-2026-137;Activo;Activo;dental.pdf;Activo;kingdomkids.pdf;Activo;kinderhome.webp;Activo;natsumi.webp;Activo;orienteexpress.webp;Activo;sportlife.webp;Activo;neverland.webp;Activo;spring.webp;Activo;altamentis.webp;Activo;moreira.webp;Activo;magicamente.pdf
CGPA-2026-138;CGPA-2026-138;Activo;Activo;dental.pdf;Activo;kingdomkids.pdf;Activo;kinderhome.webp;Activo;natsumi.webp;Activo;orienteexpress.webp;Activo;sportlife.webp;Activo;neverland.webp;Activo;spring.webp;Activo;altamentis.webp;Activo;moreira.webp;Activo;magicamente.pdf
CGPA-2026-139;CGPA-2026-139;Activo;Activo;dental.pdf;Activo;kingdomkids.pdf;Activo;kinderhome.webp;Activo;natsumi.webp;Activo;orienteexpress.webp;Activo;sportlife.webp;Activo;neverland.webp;Activo;spring.webp;Activo;altamentis.webp;Activo;moreira.webp;Activo;magicamente.pdf
CGPA-2026-140;CGPA-2026-140;Activo;Activo;dental.pdf;Activo;kingdomkids.pdf;Activo;kinderhome.webp;Activo;natsumi.webp;Activo;orienteexpress.webp;Activo;sportlife.webp;Activo;neverland.webp;Activo;spring.webp;Activo;altamentis.webp;Activo;moreira.webp;Activo;magicamente.pdf
CGPA-2026-141;CGPA-2026-141;Activo;Activo;dental.pdf;Activo;kingdomkids.pdf;Activo;kinderhome.webp;Activo;natsumi.webp;Activo;orienteexpress.webp;Activo;sportlife.webp;Activo;neverland.webp;Activo;spring.webp;Activo;altamentis.webp;Activo;moreira.webp;Activo;magicamente.pdf
CGPA-2026-142;CGPA-2026-142;Activo;Activo;dental.pdf;Activo;kingdomkids.pdf;Activo;kinderhome.webp;Activo;natsumi.webp;Activo;orienteexpress.webp;Activo;sportlife.webp;Activo;neverland.webp;Activo;spring.webp;Activo;altamentis.webp;Activo;moreira.webp;Activo;magicamente.pdf
CGPA-2026-143;CGPA-2026-143;Activo;Activo;dental.pdf;Activo;kingdomkids.pdf;Activo;kinderhome.webp;Activo;natsumi.webp;Activo;orienteexpress.webp;Activo;sportlife.webp;Activo;neverland.webp;Activo;spring.webp;Activo;altamentis.webp;Activo;moreira.webp;Activo;magicamente.pdf
CGPA-2026-144;CGPA-2026-144;Activo;Activo;dental.pdf;Activo;kingdomkids.pdf;Activo;kinderhome.webp;Activo;natsumi.webp;Activo;orienteexpress.webp;Activo;sportlife.webp;Activo;neverland.webp;Activo;spring.webp;Activo;altamentis.webp;Activo;moreira.webp;Activo;magicamente.pdf
CGPA-2026-145;CGPA-2026-145;Activo;Activo;dental.pdf;Activo;kingdomkids.pdf;Activo;kinderhome.webp;Activo;natsumi.webp;Activo;orienteexpress.webp;Activo;sportlife.webp;Activo;neverland.webp;Activo;spring.webp;Activo;altamentis.webp;Activo;moreira.webp;Activo;magicamente.pdf
CGPA-2026-146;CGPA-2026-146;Activo;Activo;dental.pdf;Activo;kingdomkids.pdf;Activo;kinderhome.webp;Activo;natsumi.webp;Activo;orienteexpress.webp;Activo;sportlife.webp;Activo;neverland.webp;Activo;spring.webp;Activo;altamentis.webp;Activo;moreira.webp;Activo;magicamente.pdf
CGPA-2026-147;CGPA-2026-147;Activo;Activo;dental.pdf;Activo;kingdomkids.pdf;Activo;kinderhome.webp;Activo;natsumi.webp;Activo;orienteexpress.webp;Activo;sportlife.webp;Activo;neverland.webp;Activo;spring.webp;Activo;altamentis.webp;Activo;moreira.webp;Activo;magicamente.pdf
CGPA-2026-148;CGPA-2026-148;Activo;Activo;dental.pdf;Activo;kingdomkids.pdf;Activo;kinderhome.webp;Activo;natsumi.webp;Activo;orienteexpress.webp;Activo;sportlife.webp;Activo;neverland.webp;Activo;spring.webp;Activo;altamentis.webp;Activo;moreira.webp;Activo;magicamente.pdf
CGPA-2026-149;CGPA-2026-149;Activo;Activo;dental.pdf;Activo;kingdomkids.pdf;Activo;kinderhome.webp;Activo;natsumi.webp;Activo;orienteexpress.webp;Activo;sportlife.webp;Activo;neverland.webp;Activo;spring.webp;Activo;altamentis.webp;Activo;moreira.webp;Activo;magicamente.pdf
CGPA-2026-150;CGPA-2026-150;Activo;Activo;dental.pdf;Activo;kingdomkids.pdf;Activo;kinderhome.webp;Activo;natsumi.webp;Activo;orienteexpress.webp;Activo;sportlife.webp;Activo;neverland.webp;Activo;spring.webp;Activo;altamentis.webp;Activo;moreira.webp;Activo;magicamente.pdf
CGPA-2026-151;CGPA-2026-151;Activo;Activo;dental.pdf;Activo;kingdomkids.pdf;Activo;kinderhome.webp;Activo;natsumi.webp;Activo;orienteexpress.webp;Activo;sportlife.webp;Activo;neverland.webp;Activo;spring.webp;Activo;altamentis.webp;Activo;moreira.webp;Activo;magicamente.pdf
CGPA-2026-152;CGPA-2026-152;Activo;Activo;dental.pdf;Activo;kingdomkids.pdf;Activo;kinderhome.webp;Activo;natsumi.webp;Activo;orienteexpress.webp;Activo;sportlife.webp;Activo;neverland.webp;Activo;spring.webp;Activo;altamentis.webp;Activo;moreira.webp;Activo;magicamente.pdf
CGPA-2026-153;CGPA-2026-153;Activo;Activo;dental.pdf;Activo;kingdomkids.pdf;Activo;kinderhome.webp;Activo;natsumi.webp;Activo;orienteexpress.webp;Activo;sportlife.webp;Activo;neverland.webp;Activo;spring.webp;Activo;altamentis.webp;Activo;moreira.webp;Activo;magicamente.pdf
CGPA-2026-154;CGPA-2026-154;Activo;Activo;dental.pdf;Activo;kingdomkids.pdf;Activo;kinderhome.webp;Activo;natsumi.webp;Activo;orienteexpress.webp;Activo;sportlife.webp;Activo;neverland.webp;Activo;spring.webp;Activo;altamentis.webp;Activo;moreira.webp;Activo;magicamente.pdf
CGPA-2026-155;CGPA-2026-155;Activo;Activo;dental.pdf;Activo;kingdomkids.pdf;Activo;kinderhome.webp;Activo;natsumi.webp;Activo;orienteexpress.webp;Activo;sportlife.webp;Activo;neverland.webp;Activo;spring.webp;Activo;altamentis.webp;Activo;moreira.webp;Activo;magicamente.pdf
CGPA-2026-156;CGPA-2026-156;Activo;Activo;dental.pdf;Activo;kingdomkids.pdf;Activo;kinderhome.webp;Activo;natsumi.webp;Activo;orienteexpress.webp;Activo;sportlife.webp;Activo;neverland.webp;Activo;spring.webp;Activo;altamentis.webp;Activo;moreira.webp;Activo;magicamente.pdf
CGPA-2026-157;CGPA-2026-157;Activo;Activo;dental.pdf;Activo;kingdomkids.pdf;Activo;kinderhome.webp;Activo;natsumi.webp;Activo;orienteexpress.webp;Activo;sportlife.webp;Activo;neverland.webp;Activo;spring.webp;Activo;altamentis.webp;Activo;moreira.webp;Activo;magicamente.pdf
CGPA-2026-158;CGPA-2026-158;Activo;Activo;dental.pdf;Activo;kingdomkids.pdf;Activo;kinderhome.webp;Activo;natsumi.webp;Activo;orienteexpress.webp;Activo;sportlife.webp;Activo;neverland.webp;Activo;spring.webp;Activo;altamentis.webp;Activo;moreira.webp;Activo;magicamente.pdf
CGPA-2026-159;CGPA-2026-159;Activo;Activo;dental.pdf;Activo;kingdomkids.pdf;Activo;kinderhome.webp;Activo;natsumi.webp;Activo;orienteexpress.webp;Activo;sportlife.webp;Activo;neverland.webp;Activo;spring.webp;Activo;altamentis.webp;Activo;moreira.webp;Activo;magicamente.pdf
CGPA-2026-160;CGPA-2026-160;Activo;Activo;dental.pdf;Activo;kingdomkids.pdf;Activo;kinderhome.webp;Activo;natsumi.webp;Activo;orienteexpress.webp;Activo;sportlife.webp;Activo;neverland.webp;Activo;spring.webp;Activo;altamentis.webp;Activo;moreira.webp;Activo;magicamente.pdf
CGPA-2026-161;CGPA-2026-161;Activo;Activo;dental.pdf;Activo;kingdomkids.pdf;Activo;kinderhome.webp;Activo;natsumi.webp;Activo;orienteexpress.webp;Activo;sportlife.webp;Activo;neverland.webp;Activo;spring.webp;Activo;altamentis.webp;Activo;moreira.webp;Activo;magicamente.pdf
CGPA-2026-162;CGPA-2026-162;Activo;Activo;dental.pdf;Activo;kingdomkids.pdf;Activo;kinderhome.webp;Activo;natsumi.webp;Activo;orienteexpress.webp;Activo;sportlife.webp;Activo;neverland.webp;Activo;spring.webp;Activo;altamentis.webp;Activo;moreira.webp;Activo;magicamente.pdf
CGPA-2026-163;CGPA-2026-163;Activo;Activo;dental.pdf;Activo;kingdomkids.pdf;Activo;kinderhome.webp;Activo;natsumi.webp;Activo;orienteexpress.webp;Activo;sportlife.webp;Activo;neverland.webp;Activo;spring.webp;Activo;altamentis.webp;Activo;moreira.webp;Activo;magicamente.pdf
CGPA-2026-164;CGPA-2026-164;Activo;Activo;dental.pdf;Activo;kingdomkids.pdf;Activo;kinderhome.webp;Activo;natsumi.webp;Activo;orienteexpress.webp;Activo;sportlife.webp;Activo;neverland.webp;Activo;spring.webp;Activo;altamentis.webp;Activo;moreira.webp;Activo;magicamente.pdf
CGPA-2026-165;CGPA-2026-165;Activo;Activo;dental.pdf;Activo;kingdomkids.pdf;Activo;kinderhome.webp;Activo;natsumi.webp;Activo;orienteexpress.webp;Activo;sportlife.webp;Activo;neverland.webp;Activo;spring.webp;Activo;altamentis.webp;Activo;moreira.webp;Activo;magicamente.pdf
CGPA-2026-166;CGPA-2026-166;Activo;Activo;dental.pdf;Activo;kingdomkids.pdf;Activo;kinderhome.webp;Activo;natsumi.webp;Activo;orienteexpress.webp;Activo;sportlife.webp;Activo;neverland.webp;Activo;spring.webp;Activo;altamentis.webp;Activo;moreira.webp;Activo;magicamente.pdf
CGPA-2026-167;CGPA-2026-167;Activo;Activo;dental.pdf;Activo;kingdomkids.pdf;Activo;kinderhome.webp;Activo;natsumi.webp;Activo;orienteexpress.webp;Activo;sportlife.webp;Activo;neverland.webp;Activo;spring.webp;Activo;altamentis.webp;Activo;moreira.webp;Activo;magicamente.pdf
CGPA-2026-168;CGPA-2026-168;Activo;Activo;dental.pdf;Activo;kingdomkids.pdf;Activo;kinderhome.webp;Activo;natsumi.webp;Activo;orienteexpress.webp;Activo;sportlife.webp;Activo;neverland.webp;Activo;spring.webp;Activo;altamentis.webp;Activo;moreira.webp;Activo;magicamente.pdf
CGPA-2026-169;CGPA-2026-169;Activo;Activo;dental.pdf;Activo;kingdomkids.pdf;Activo;kinderhome.webp;Activo;natsumi.webp;Activo;orienteexpress.webp;Activo;sportlife.webp;Activo;neverland.webp;Activo;spring.webp;Activo;altamentis.webp;Activo;moreira.webp;Activo;magicamente.pdf
CGPA-2026-170;CGPA-2026-170;Activo;Activo;dental.pdf;Activo;kingdomkids.pdf;Activo;kinderhome.webp;Activo;natsumi.webp;Activo;orienteexpress.webp;Activo;sportlife.webp;Activo;neverland.webp;Activo;spring.webp;Activo;altamentis.webp;Activo;moreira.webp;Activo;magicamente.pdf
CGPA-2026-171;CGPA-2026-171;Activo;Activo;dental.pdf;Activo;kingdomkids.pdf;Activo;kinderhome.webp;Activo;natsumi.webp;Activo;orienteexpress.webp;Activo;sportlife.webp;Activo;neverland.webp;Activo;spring.webp;Activo;altamentis.webp;Activo;moreira.webp;Activo;magicamente.pdf
CGPA-2026-172;CGPA-2026-172;Activo;Activo;dental.pdf;Activo;kingdomkids.pdf;Activo;kinderhome.webp;Activo;natsumi.webp;Activo;orienteexpress.webp;Activo;sportlife.webp;Activo;neverland.webp;Activo;spring.webp;Activo;altamentis.webp;Activo;moreira.webp;Activo;magicamente.pdf
CGPA-2026-173;CGPA-2026-173;Activo;Activo;dental.pdf;Activo;kingdomkids.pdf;Activo;kinderhome.webp;Activo;natsumi.webp;Activo;orienteexpress.webp;Activo;sportlife.webp;Activo;neverland.webp;Activo;spring.webp;Activo;altamentis.webp;Activo;moreira.webp;Activo;magicamente.pdf
CGPA-2026-174;CGPA-2026-174;Activo;Activo;dental.pdf;Activo;kingdomkids.pdf;Activo;kinderhome.webp;Activo;natsumi.webp;Activo;orienteexpress.webp;Activo;sportlife.webp;Activo;neverland.webp;Activo;spring.webp;Activo;altamentis.webp;Activo;moreira.webp;Activo;magicamente.pdf
CGPA-2026-175;CGPA-2026-175;Activo;Activo;dental.pdf;Activo;kingdomkids.pdf;Activo;kinderhome.webp;Activo;natsumi.webp;Activo;orienteexpress.webp;Activo;sportlife.webp;Activo;neverland.webp;Activo;spring.webp;Activo;altamentis.webp;Activo;moreira.webp;Activo;magicamente.pdf
CGPA-2026-176;CGPA-2026-176;Activo;Activo;dental.pdf;Activo;kingdomkids.pdf;Activo;kinderhome.webp;Activo;natsumi.webp;Activo;orienteexpress.webp;Activo;sportlife.webp;Activo;neverland.webp;Activo;spring.webp;Activo;altamentis.webp;Activo;moreira.webp;Activo;magicamente.pdf
CGPA-2026-177;CGPA-2026-177;Activo;Activo;dental.pdf;Activo;kingdomkids.pdf;Activo;kinderhome.webp;Activo;natsumi.webp;Activo;orienteexpress.webp;Activo;sportlife.webp;Activo;neverland.webp;Activo;spring.webp;Activo;altamentis.webp;Activo;moreira.webp;Activo;magicamente.pdf
CGPA-2026-178;CGPA-2026-178;Activo;Activo;dental.pdf;Activo;kingdomkids.pdf;Activo;kinderhome.webp;Activo;natsumi.webp;Activo;orienteexpress.webp;Activo;sportlife.webp;Activo;neverland.webp;Activo;spring.webp;Activo;altamentis.webp;Activo;moreira.webp;Activo;magicamente.pdf
CGPA-2026-179;CGPA-2026-179;Activo;Activo;dental.pdf;Activo;kingdomkids.pdf;Activo;kinderhome.webp;Activo;natsumi.webp;Activo;orienteexpress.webp;Activo;sportlife.webp;Activo;neverland.webp;Activo;spring.webp;Activo;altamentis.webp;Activo;moreira.webp;Activo;magicamente.pdf
CGPA-2026-180;CGPA-2026-180;Activo;Activo;dental.pdf;Activo;kingdomkids.pdf;Activo;kinderhome.webp;Activo;natsumi.webp;Activo;orienteexpress.webp;Activo;sportlife.webp;Activo;neverland.webp;Activo;spring.webp;Activo;altamentis.webp;Activo;moreira.webp;Activo;magicamente.pdf
CGPA-2026-181;CGPA-2026-181;Activo;Activo;dental.pdf;Activo;kingdomkids.pdf;Activo;kinderhome.webp;Activo;natsumi.webp;Activo;orienteexpress.webp;Activo;sportlife.webp;Activo;neverland.webp;Activo;spring.webp;Activo;altamentis.webp;Activo;moreira.webp;Activo;magicamente.pdf
CGPA-2026-182;CGPA-2026-182;Activo;Activo;dental.pdf;Activo;kingdomkids.pdf;Activo;kinderhome.webp;Activo;natsumi.webp;Activo;orienteexpress.webp;Activo;sportlife.webp;Activo;neverland.webp;Activo;spring.webp;Activo;altamentis.webp;Activo;moreira.webp;Activo;magicamente.pdf
CGPA-2026-183;CGPA-2026-183;Activo;Activo;dental.pdf;Activo;kingdomkids.pdf;Activo;kinderhome.webp;Activo;natsumi.webp;Activo;orienteexpress.webp;Activo;sportlife.webp;Activo;neverland.webp;Activo;spring.webp;Activo;altamentis.webp;Activo;moreira.webp;Activo;magicamente.pdf
CGPA-2026-184;CGPA-2026-184;Activo;Activo;dental.pdf;Activo;kingdomkids.pdf;Activo;kinderhome.webp;Activo;natsumi.webp;Activo;orienteexpress.webp;Activo;sportlife.webp;Activo;neverland.webp;Activo;spring.webp;Activo;altamentis.webp;Activo;moreira.webp;Activo;magicamente.pdf
CGPA-2026-185;CGPA-2026-185;Activo;Activo;dental.pdf;Activo;kingdomkids.pdf;Activo;kinderhome.webp;Activo;natsumi.webp;Activo;orienteexpress.webp;Activo;sportlife.webp;Activo;neverland.webp;Activo;spring.webp;Activo;altamentis.webp;Activo;moreira.webp;Activo;magicamente.pdf
CGPA-2026-186;CGPA-2026-186;Activo;Activo;dental.pdf;Activo;kingdomkids.pdf;Activo;kinderhome.webp;Activo;natsumi.webp;Activo;orienteexpress.webp;Activo;sportlife.webp;Activo;neverland.webp;Activo;spring.webp;Activo;altamentis.webp;Activo;moreira.webp;Activo;magicamente.pdf
CGPA-2026-187;CGPA-2026-187;Activo;Activo;dental.pdf;Activo;kingdomkids.pdf;Activo;kinderhome.webp;Activo;natsumi.webp;Activo;orienteexpress.webp;Activo;sportlife.webp;Activo;neverland.webp;Activo;spring.webp;Activo;altamentis.webp;Activo;moreira.webp;Activo;magicamente.pdf
CGPA-2026-188;CGPA-2026-188;Activo;Activo;dental.pdf;Activo;kingdomkids.pdf;Activo;kinderhome.webp;Activo;natsumi.webp;Activo;orienteexpress.webp;Activo;sportlife.webp;Activo;neverland.webp;Activo;spring.webp;Activo;altamentis.webp;Activo;moreira.webp;Activo;magicamente.pdf
CGPA-2026-189;CGPA-2026-189;Activo;Activo;dental.pdf;Activo;kingdomkids.pdf;Activo;kinderhome.webp;Activo;natsumi.webp;Activo;orienteexpress.webp;Activo;sportlife.webp;Activo;neverland.webp;Activo;spring.webp;Activo;altamentis.webp;Activo;moreira.webp;Activo;magicamente.pdf
CGPA-2026-190;CGPA-2026-190;Activo;Activo;dental.pdf;Activo;kingdomkids.pdf;Activo;kinderhome.webp;Activo;natsumi.webp;Activo;orienteexpress.webp;Activo;sportlife.webp;Activo;neverland.webp;Activo;spring.webp;Activo;altamentis.webp;Activo;moreira.webp;Activo;magicamente.pdf
CGPA-2026-191;CGPA-2026-191;Activo;Activo;dental.pdf;Activo;kingdomkids.pdf;Activo;kinderhome.webp;Activo;natsumi.webp;Activo;orienteexpress.webp;Activo;sportlife.webp;Activo;neverland.webp;Activo;spring.webp;Activo;altamentis.webp;Activo;moreira.webp;Activo;magicamente.pdf
CGPA-2026-192;CGPA-2026-192;Activo;Activo;dental.pdf;Activo;kingdomkids.pdf;Activo;kinderhome.webp;Activo;natsumi.webp;Activo;orienteexpress.webp;Activo;sportlife.webp;Activo;neverland.webp;Activo;spring.webp;Activo;altamentis.webp;Activo;moreira.webp;Activo;magicamente.pdf
CGPA-2026-193;CGPA-2026-193;Activo;Activo;dental.pdf;Activo;kingdomkids.pdf;Activo;kinderhome.webp;Activo;natsumi.webp;Activo;orienteexpress.webp;Activo;sportlife.webp;Activo;neverland.webp;Activo;spring.webp;Activo;altamentis.webp;Activo;moreira.webp;Activo;magicamente.pdf
CGPA-2026-194;CGPA-2026-194;Activo;Activo;dental.pdf;Activo;kingdomkids.pdf;Activo;kinderhome.webp;Activo;natsumi.webp;Activo;orienteexpress.webp;Activo;sportlife.webp;Activo;neverland.webp;Activo;spring.webp;Activo;altamentis.webp;Activo;moreira.webp;Activo;magicamente.pdf
CGPA-2026-195;CGPA-2026-195;Activo;Activo;dental.pdf;Activo;kingdomkids.pdf;Activo;kinderhome.webp;Activo;natsumi.webp;Activo;orienteexpress.webp;Activo;sportlife.webp;Activo;neverland.webp;Activo;spring.webp;Activo;altamentis.webp;Activo;moreira.webp;Activo;magicamente.pdf
CGPA-2026-196;CGPA-2026-196;Activo;Activo;dental.pdf;Activo;kingdomkids.pdf;Activo;kinderhome.webp;Activo;natsumi.webp;Activo;orienteexpress.webp;Activo;sportlife.webp;Activo;neverland.webp;Activo;spring.webp;Activo;altamentis.webp;Activo;moreira.webp;Activo;magicamente.pdf
CGPA-2026-197;CGPA-2026-197;Activo;Activo;dental.pdf;Activo;kingdomkids.pdf;Activo;kinderhome.webp;Activo;natsumi.webp;Activo;orienteexpress.webp;Activo;sportlife.webp;Activo;neverland.webp;Activo;spring.webp;Activo;altamentis.webp;Activo;moreira.webp;Activo;magicamente.pdf
CGPA-2026-198;CGPA-2026-198;Activo;Activo;dental.pdf;Activo;kingdomkids.pdf;Activo;kinderhome.webp;Activo;natsumi.webp;Activo;orienteexpress.webp;Activo;sportlife.webp;Activo;neverland.webp;Activo;spring.webp;Activo;altamentis.webp;Activo;moreira.webp;Activo;magicamente.pdf
CGPA-2026-199;CGPA-2026-199;Activo;Activo;dental.pdf;Activo;kingdomkids.pdf;Activo;kinderhome.webp;Activo;natsumi.webp;Activo;orienteexpress.webp;Activo;sportlife.webp;Activo;neverland.webp;Activo;spring.webp;Activo;altamentis.webp;Activo;moreira.webp;Activo;magicamente.pdf
CGPA-2026-200;CGPA-2026-200;Activo;Activo;dental.pdf;Activo;kingdomkids.pdf;Activo;kinderhome.webp;Activo;natsumi.webp;Activo;orienteexpress.webp;Activo;sportlife.webp;Activo;neverland.webp;Activo;spring.webp;Activo;altamentis.webp;Activo;moreira.webp;Activo;magicamente.pdf
CGPA-2026-201;CGPA-2026-201;Activo;Activo;dental.pdf;Activo;kingdomkids.pdf;Activo;kinderhome.webp;Activo;natsumi.webp;Activo;orienteexpress.webp;Activo;sportlife.webp;Activo;neverland.webp;Activo;spring.webp;Activo;altamentis.webp;Activo;moreira.webp;Activo;magicamente.pdf
CGPA-2026-202;CGPA-2026-202;Activo;Activo;dental.pdf;Activo;kingdomkids.pdf;Activo;kinderhome.webp;Activo;natsumi.webp;Activo;orienteexpress.webp;Activo;sportlife.webp;Activo;neverland.webp;Activo;spring.webp;Activo;altamentis.webp;Activo;moreira.webp;Activo;magicamente.pdf
CGPA-2026-203;CGPA-2026-203;Activo;Activo;dental.pdf;Activo;kingdomkids.pdf;Activo;kinderhome.webp;Activo;natsumi.webp;Activo;orienteexpress.webp;Activo;sportlife.webp;Activo;neverland.webp;Activo;spring.webp;Activo;altamentis.webp;Activo;moreira.webp;Activo;magicamente.pdf
CGPA-2026-204;CGPA-2026-204;Activo;Activo;dental.pdf;Activo;kingdomkids.pdf;Activo;kinderhome.webp;Activo;natsumi.webp;Activo;orienteexpress.webp;Activo;sportlife.webp;Activo;neverland.webp;Activo;spring.webp;Activo;altamentis.webp;Activo;moreira.webp;Activo;magicamente.pdf
CGPA-2026-205;CGPA-2026-205;Activo;Activo;dental.pdf;Activo;kingdomkids.pdf;Activo;kinderhome.webp;Activo;natsumi.webp;Activo;orienteexpress.webp;Activo;sportlife.webp;Activo;neverland.webp;Activo;spring.webp;Activo;altamentis.webp;Activo;moreira.webp;Activo;magicamente.pdf
CGPA-2026-206;CGPA-2026-206;Activo;Activo;dental.pdf;Activo;kingdomkids.pdf;Activo;kinderhome.webp;Activo;natsumi.webp;Activo;orienteexpress.webp;Activo;sportlife.webp;Activo;neverland.webp;Activo;spring.webp;Activo;altamentis.webp;Activo;moreira.webp;Activo;magicamente.pdf
CGPA-2026-207;CGPA-2026-207;Activo;Activo;dental.pdf;Activo;kingdomkids.pdf;Activo;kinderhome.webp;Activo;natsumi.webp;Activo;orienteexpress.webp;Activo;sportlife.webp;Activo;neverland.webp;Activo;spring.webp;Activo;altamentis.webp;Activo;moreira.webp;Activo;magicamente.pdf
CGPA-2026-208;CGPA-2026-208;Activo;Activo;dental.pdf;Activo;kingdomkids.pdf;Activo;kinderhome.webp;Activo;natsumi.webp;Activo;orienteexpress.webp;Activo;sportlife.webp;Activo;neverland.webp;Activo;spring.webp;Activo;altamentis.webp;Activo;moreira.webp;Activo;magicamente.pdf
CGPA-2026-209;CGPA-2026-209;Activo;Activo;dental.pdf;Activo;kingdomkids.pdf;Activo;kinderhome.webp;Activo;natsumi.webp;Activo;orienteexpress.webp;Activo;sportlife.webp;Activo;neverland.webp;Activo;spring.webp;Activo;altamentis.webp;Activo;moreira.webp;Activo;magicamente.pdf
CGPA-2026-210;CGPA-2026-210;Activo;Activo;dental.pdf;Activo;kingdomkids.pdf;Activo;kinderhome.webp;Activo;natsumi.webp;Activo;orienteexpress.webp;Activo;sportlife.webp;Activo;neverland.webp;Activo;spring.webp;Activo;altamentis.webp;Activo;moreira.webp;Activo;magicamente.pdf
CGPA-2026-211;CGPA-2026-211;Activo;Activo;dental.pdf;Activo;kingdomkids.pdf;Activo;kinderhome.webp;Activo;natsumi.webp;Activo;orienteexpress.webp;Activo;sportlife.webp;Activo;neverland.webp;Activo;spring.webp;Activo;altamentis.webp;Activo;moreira.webp;Activo;magicamente.pdf
CGPA-2026-212;CGPA-2026-212;Activo;Activo;dental.pdf;Activo;kingdomkids.pdf;Activo;kinderhome.webp;Activo;natsumi.webp;Activo;orienteexpress.webp;Activo;sportlife.webp;Activo;neverland.webp;Activo;spring.webp;Activo;altamentis.webp;Activo;moreira.webp;Activo;magicamente.pdf
CGPA-2026-213;CGPA-2026-213;Activo;Activo;dental.pdf;Activo;kingdomkids.pdf;Activo;kinderhome.webp;Activo;natsumi.webp;Activo;orienteexpress.webp;Activo;sportlife.webp;Activo;neverland.webp;Activo;spring.webp;Activo;altamentis.webp;Activo;moreira.webp;Activo;magicamente.pdf
CGPA-2026-214;CGPA-2026-214;Activo;Activo;dental.pdf;Activo;kingdomkids.pdf;Activo;kinderhome.webp;Activo;natsumi.webp;Activo;orienteexpress.webp;Activo;sportlife.webp;Activo;neverland.webp;Activo;spring.webp;Activo;altamentis.webp;Activo;moreira.webp;Activo;magicamente.pdf
CGPA-2026-215;CGPA-2026-215;Activo;Activo;dental.pdf;Activo;kingdomkids.pdf;Activo;kinderhome.webp;Activo;natsumi.webp;Activo;orienteexpress.webp;Activo;sportlife.webp;Activo;neverland.webp;Activo;spring.webp;Activo;altamentis.webp;Activo;moreira.webp;Activo;magicamente.pdf
CGPA-2026-216;CGPA-2026-216;Activo;Activo;dental.pdf;Activo;kingdomkids.pdf;Activo;kinderhome.webp;Activo;natsumi.webp;Activo;orienteexpress.webp;Activo;sportlife.webp;Activo;neverland.webp;Activo;spring.webp;Activo;altamentis.webp;Activo;moreira.webp;Activo;magicamente.pdf
CGPA-2026-217;CGPA-2026-217;Activo;Activo;dental.pdf;Activo;kingdomkids.pdf;Activo;kinderhome.webp;Activo;natsumi.webp;Activo;orienteexpress.webp;Activo;sportlife.webp;Activo;neverland.webp;Activo;spring.webp;Activo;altamentis.webp;Activo;moreira.webp;Activo;magicamente.pdf
CGPA-2026-218;CGPA-2026-218;Activo;Activo;dental.pdf;Activo;kingdomkids.pdf;Activo;kinderhome.webp;Activo;natsumi.webp;Activo;orienteexpress.webp;Activo;sportlife.webp;Activo;neverland.webp;Activo;spring.webp;Activo;altamentis.webp;Activo;moreira.webp;Activo;magicamente.pdf
CGPA-2026-219;CGPA-2026-219;Activo;Activo;dental.pdf;Activo;kingdomkids.pdf;Activo;kinderhome.webp;Activo;natsumi.webp;Activo;orienteexpress.webp;Activo;sportlife.webp;Activo;neverland.webp;Activo;spring.webp;Activo;altamentis.webp;Activo;moreira.webp;Activo;magicamente.pdf
CGPA-2026-220;CGPA-2026-220;Activo;Activo;dental.pdf;Activo;kingdomkids.pdf;Activo;kinderhome.webp;Activo;natsumi.webp;Activo;orienteexpress.webp;Activo;sportlife.webp;Activo;neverland.webp;Activo;spring.webp;Activo;altamentis.webp;Activo;moreira.webp;Activo;magicamente.pdf
CGPA-2026-221;CGPA-2026-221;Activo;Activo;dental.pdf;Activo;kingdomkids.pdf;Activo;kinderhome.webp;Activo;natsumi.webp;Activo;orienteexpress.webp;Activo;sportlife.webp;Activo;neverland.webp;Activo;spring.webp;Activo;altamentis.webp;Activo;moreira.webp;Activo;magicamente.pdf
CGPA-2026-222;CGPA-2026-222;Activo;Activo;dental.pdf;Activo;kingdomkids.pdf;Activo;kinderhome.webp;Activo;natsumi.webp;Activo;orienteexpress.webp;Activo;sportlife.webp;Activo;neverland.webp;Activo;spring.webp;Activo;altamentis.webp;Activo;moreira.webp;Activo;magicamente.pdf
CGPA-2026-223;CGPA-2026-223;Activo;Activo;dental.pdf;Activo;kingdomkids.pdf;Activo;kinderhome.webp;Activo;natsumi.webp;Activo;orienteexpress.webp;Activo;sportlife.webp;Activo;neverland.webp;Activo;spring.webp;Activo;altamentis.webp;Activo;moreira.webp;Activo;magicamente.pdf
CGPA-2026-224;CGPA-2026-224;Activo;Activo;dental.pdf;Activo;kingdomkids.pdf;Activo;kinderhome.webp;Activo;natsumi.webp;Activo;orienteexpress.webp;Activo;sportlife.webp;Activo;neverland.webp;Activo;spring.webp;Activo;altamentis.webp;Activo;moreira.webp;Activo;magicamente.pdf
CGPA-2026-225;CGPA-2026-225;Activo;Activo;dental.pdf;Activo;kingdomkids.pdf;Activo;kinderhome.webp;Activo;natsumi.webp;Activo;orienteexpress.webp;Activo;sportlife.webp;Activo;neverland.webp;Activo;spring.webp;Activo;altamentis.webp;Activo;moreira.webp;Activo;magicamente.pdf
CGPA-2026-226;CGPA-2026-226;Activo;Activo;dental.pdf;Activo;kingdomkids.pdf;Activo;kinderhome.webp;Activo;natsumi.webp;Activo;orienteexpress.webp;Activo;sportlife.webp;Activo;neverland.webp;Activo;spring.webp;Activo;altamentis.webp;Activo;moreira.webp;Activo;magicamente.pdf
CGPA-2026-227;CGPA-2026-227;Activo;Activo;dental.pdf;Activo;kingdomkids.pdf;Activo;kinderhome.webp;Activo;natsumi.webp;Activo;orienteexpress.webp;Activo;sportlife.webp;Activo;neverland.webp;Activo;spring.webp;Activo;altamentis.webp;Activo;moreira.webp;Activo;magicamente.pdf
CGPA-2026-228;CGPA-2026-228;Activo;Activo;dental.pdf;Activo;kingdomkids.pdf;Activo;kinderhome.webp;Activo;natsumi.webp;Activo;orienteexpress.webp;Activo;sportlife.webp;Activo;neverland.webp;Activo;spring.webp;Activo;altamentis.webp;Activo;moreira.webp;Activo;magicamente.pdf
CGPA-2026-229;CGPA-2026-229;Activo;Activo;dental.pdf;Activo;kingdomkids.pdf;Activo;kinderhome.webp;Activo;natsumi.webp;Activo;orienteexpress.webp;Activo;sportlife.webp;Activo;neverland.webp;Activo;spring.webp;Activo;altamentis.webp;Activo;moreira.webp;Activo;magicamente.pdf
CGPA-2026-230;CGPA-2026-230;Activo;Activo;dental.pdf;Activo;kingdomkids.pdf;Activo;kinderhome.webp;Activo;natsumi.webp;Activo;orienteexpress.webp;Activo;sportlife.webp;Activo;neverland.webp;Activo;spring.webp;Activo;altamentis.webp;Activo;moreira.webp;Activo;magicamente.pdf
CGPA-2026-231;CGPA-2026-231;Activo;Activo;dental.pdf;Activo;kingdomkids.pdf;Activo;kinderhome.webp;Activo;natsumi.webp;Activo;orienteexpress.webp;Activo;sportlife.webp;Activo;neverland.webp;Activo;spring.webp;Activo;altamentis.webp;Activo;moreira.webp;Activo;magicamente.pdf
CGPA-2026-232;CGPA-2026-232;Activo;Activo;dental.pdf;Activo;kingdomkids.pdf;Activo;kinderhome.webp;Activo;natsumi.webp;Activo;orienteexpress.webp;Activo;sportlife.webp;Activo;neverland.webp;Activo;spring.webp;Activo;altamentis.webp;Activo;moreira.webp;Activo;magicamente.pdf
CGPA-2026-233;CGPA-2026-233;Activo;Activo;dental.pdf;Activo;kingdomkids.pdf;Activo;kinderhome.webp;Activo;natsumi.webp;Activo;orienteexpress.webp;Activo;sportlife.webp;Activo;neverland.webp;Activo;spring.webp;Activo;altamentis.webp;Activo;moreira.webp;Activo;magicamente.pdf
CGPA-2026-234;CGPA-2026-234;Activo;Activo;dental.pdf;Activo;kingdomkids.pdf;Activo;kinderhome.webp;Activo;natsumi.webp;Activo;orienteexpress.webp;Activo;sportlife.webp;Activo;neverland.webp;Activo;spring.webp;Activo;altamentis.webp;Activo;moreira.webp;Activo;magicamente.pdf
CGPA-2026-235;CGPA-2026-235;Activo;Activo;dental.pdf;Activo;kingdomkids.pdf;Activo;kinderhome.webp;Activo;natsumi.webp;Activo;orienteexpress.webp;Activo;sportlife.webp;Activo;neverland.webp;Activo;spring.webp;Activo;altamentis.webp;Activo;moreira.webp;Activo;magicamente.pdf
CGPA-2026-236;CGPA-2026-236;Activo;Activo;dental.pdf;Activo;kingdomkids.pdf;Activo;kinderhome.webp;Activo;natsumi.webp;Activo;orienteexpress.webp;Activo;sportlife.webp;Activo;neverland.webp;Activo;spring.webp;Activo;altamentis.webp;Activo;moreira.webp;Activo;magicamente.pdf
CGPA-2026-237;CGPA-2026-237;Activo;Activo;dental.pdf;Activo;kingdomkids.pdf;Activo;kinderhome.webp;Activo;natsumi.webp;Activo;orienteexpress.webp;Activo;sportlife.webp;Activo;neverland.webp;Activo;spring.webp;Activo;altamentis.webp;Activo;moreira.webp;Activo;magicamente.pdf
CGPA-2026-238;CGPA-2026-238;Activo;Activo;dental.pdf;Activo;kingdomkids.pdf;Activo;kinderhome.webp;Activo;natsumi.webp;Activo;orienteexpress.webp;Activo;sportlife.webp;Activo;neverland.webp;Activo;spring.webp;Activo;altamentis.webp;Activo;moreira.webp;Activo;magicamente.pdf
CGPA-2026-239;CGPA-2026-239;Activo;Activo;dental.pdf;Activo;kingdomkids.pdf;Activo;kinderhome.webp;Activo;natsumi.webp;Activo;orienteexpress.webp;Activo;sportlife.webp;Activo;neverland.webp;Activo;spring.webp;Activo;altamentis.webp;Activo;moreira.webp;Activo;magicamente.pdf
CGPA-2026-240;CGPA-2026-240;Activo;Activo;dental.pdf;Activo;kingdomkids.pdf;Activo;kinderhome.webp;Activo;natsumi.webp;Activo;orienteexpress.webp;Activo;sportlife.webp;Activo;neverland.webp;Activo;spring.webp;Activo;altamentis.webp;Activo;moreira.webp;Activo;magicamente.pdf
CGPA-2026-241;CGPA-2026-241;Activo;Activo;dental.pdf;Activo;kingdomkids.pdf;Activo;kinderhome.webp;Activo;natsumi.webp;Activo;orienteexpress.webp;Activo;sportlife.webp;Activo;neverland.webp;Activo;spring.webp;Activo;altamentis.webp;Activo;moreira.webp;Activo;magicamente.pdf
CGPA-2026-242;CGPA-2026-242;Activo;Activo;dental.pdf;Activo;kingdomkids.pdf;Activo;kinderhome.webp;Activo;natsumi.webp;Activo;orienteexpress.webp;Activo;sportlife.webp;Activo;neverland.webp;Activo;spring.webp;Activo;altamentis.webp;Activo;moreira.webp;Activo;magicamente.pdf
CGPA-2026-243;CGPA-2026-243;Activo;Activo;dental.pdf;Activo;kingdomkids.pdf;Activo;kinderhome.webp;Activo;natsumi.webp;Activo;orienteexpress.webp;Activo;sportlife.webp;Activo;neverland.webp;Activo;spring.webp;Activo;altamentis.webp;Activo;moreira.webp;Activo;magicamente.pdf
CGPA-2026-244;CGPA-2026-244;Activo;Activo;dental.pdf;Activo;kingdomkids.pdf;Activo;kinderhome.webp;Activo;natsumi.webp;Activo;orienteexpress.webp;Activo;sportlife.webp;Activo;neverland.webp;Activo;spring.webp;Activo;altamentis.webp;Activo;moreira.webp;Activo;magicamente.pdf
CGPA-2026-245;CGPA-2026-245;Activo;Activo;dental.pdf;Activo;kingdomkids.pdf;Activo;kinderhome.webp;Activo;natsumi.webp;Activo;orienteexpress.webp;Activo;sportlife.webp;Activo;neverland.webp;Activo;spring.webp;Activo;altamentis.webp;Activo;moreira.webp;Activo;magicamente.pdf
CGPA-2026-246;CGPA-2026-246;Activo;Activo;dental.pdf;Activo;kingdomkids.pdf;Activo;kinderhome.webp;Activo;natsumi.webp;Activo;orienteexpress.webp;Activo;sportlife.webp;Activo;neverland.webp;Activo;spring.webp;Activo;altamentis.webp;Activo;moreira.webp;Activo;magicamente.pdf
CGPA-2026-247;CGPA-2026-247;Activo;Activo;dental.pdf;Activo;kingdomkids.pdf;Activo;kinderhome.webp;Activo;natsumi.webp;Activo;orienteexpress.webp;Activo;sportlife.webp;Activo;neverland.webp;Activo;spring.webp;Activo;altamentis.webp;Activo;moreira.webp;Activo;magicamente.pdf
CGPA-2026-248;CGPA-2026-248;Activo;Activo;dental.pdf;Activo;kingdomkids.pdf;Activo;kinderhome.webp;Activo;natsumi.webp;Activo;orienteexpress.webp;Activo;sportlife.webp;Activo;neverland.webp;Activo;spring.webp;Activo;altamentis.webp;Activo;moreira.webp;Activo;magicamente.pdf
CGPA-2026-249;CGPA-2026-249;Activo;Activo;dental.pdf;Activo;kingdomkids.pdf;Activo;kinderhome.webp;Activo;natsumi.webp;Activo;orienteexpress.webp;Activo;sportlife.webp;Activo;neverland.webp;Activo;spring.webp;Activo;altamentis.webp;Activo;moreira.webp;Activo;magicamente.pdf
CGPA-2026-250;CGPA-2026-250;Activo;Activo;dental.pdf;Activo;kingdomkids.pdf;Activo;kinderhome.webp;Activo;natsumi.webp;Activo;orienteexpress.webp;Activo;sportlife.webp;Activo;neverland.webp;Activo;spring.webp;Activo;altamentis.webp;Activo;moreira.webp;Activo;magicamente.pdf
